{"content":[{"id":"4e997dd6","settings":{"flex_direction":"row","content_width":"full","width":{"unit":"px","size":890},"boxed_width":{"unit":"px","size":1438,"sizes":[]},"_flex_size":"none","_element_width":"initial"},"elements":[{"id":"26aa5e7e","settings":{"image":{"url":"https:\/\/2403.ch\/wp-content\/uploads\/2026\/01\/v4Artboard-8.png","id":226,"size":"","alt":"","source":"library"},"height":{"unit":"px","size":440,"sizes":[]},"_element_width":"initial","_element_custom_width":{"unit":"%","size":32.282},"_flex_size":"none","_element_width_mobile":"initial","_element_custom_width_mobile":{"unit":"px","size":323.422}},"elements":[],"isInner":false,"widgetType":"image","elType":"widget"},{"id":"6eb2af33","settings":{"typography_typography":"custom","typography_font_family":"Azeret Mono","typography_font_size":{"unit":"px","size":53,"sizes":[]},"typography_font_weight":"500","text_color":"#000000","_grid_column":"2","editor":"<p>Tunichtgut und Taugenichts. Alles und Nixk\u00f6nner.<\/p><p>3 Minuten seiner Zeit voraus.<\/p>","column_gap":{"unit":"px","size":0,"sizes":[]},"align":"start","typography_text_transform":"uppercase","typography_line_height":{"unit":"px","size":60,"sizes":[]},"typography_letter_spacing":{"unit":"px","size":0,"sizes":[]},"typography_word_spacing":{"unit":"px","size":0,"sizes":[]},"paragraph_spacing":{"unit":"px","size":0,"sizes":[]},"_padding":{"unit":"px","top":"10","right":"10","bottom":"10","left":"10","isLinked":true},"_background_background":"classic","_background_color":"#FFFFFF","typography_font_size_mobile":{"unit":"px","size":30,"sizes":[]},"typography_line_height_mobile":{"unit":"em","size":1.1,"sizes":[]}},"elements":[],"isInner":false,"widgetType":"text-editor","elType":"widget"}],"isInner":false,"elType":"container"},{"id":"72bd778d","settings":{"container_type":"grid","presetTitle":"Raster","presetIcon":"eicon-container-grid","content_width":"full","width":{"unit":"px","size":890},"_flex_size":"none","_element_width":"initial"},"elements":[{"id":"51b49672","settings":{"shortcode":"[release_cells boxes=\"all\" tag=\"otis\" layout=\"grid\"]\n","_css_classes":"mc-release-fill"},"elements":[],"isInner":false,"widgetType":"shortcode","elType":"widget"}],"isInner":false,"elType":"container"},{"id":"200073bb","settings":[],"elements":[{"id":"48fa20e3","settings":[],"elements":[],"isInner":false,"widgetType":"spacer","elType":"widget"}],"isInner":false,"elType":"container"},{"id":"2a2121d","settings":{"content_width":"full","width":{"unit":"px","size":857},"boxed_width":{"unit":"px","size":890,"sizes":[]},"background_background":"classic","background_color":"#FFFFFF","_flex_size":"none","_element_width":"initial"},"elements":[{"id":"320e58dc","settings":{"editor":"<p><strong>LINKS:<\/strong><\/p><p><a href=\"https:\/\/open.spotify.com\/artist\/5rx2Wzi2D8Ar07erJ27kzq?si=g5VG8gupSoakgMQOOWnv-Q\">SPOTIFY<\/a>\u00a0<\/p><p><a href=\"https:\/\/www.instagram.com\/otis.2403\/\">INSTAGRAM<\/a><\/p><p><a href=\"https:\/\/www.tiktok.com\/@otis2403\">TIKTOK<\/a><\/p><p><a href=\"https:\/\/mx3.ch\/tobiaskunz\">MX3<\/a><\/p>","column_gap":{"unit":"px","size":0,"sizes":[]},"align":"start","typography_typography":"custom","typography_font_family":"Azeret Mono","typography_font_weight":"400"},"elements":[],"isInner":false,"widgetType":"text-editor","elType":"widget"}],"isInner":false,"elType":"container"}],"settings":{"template":"default"},"metadata":[]}