{"content":[{"id":"7295f516","settings":{"container_type":"grid","presetTitle":"Raster","presetIcon":"eicon-container-grid","boxed_width":{"unit":"px","size":890,"sizes":[]},"grid_rows_grid":{"unit":"fr","size":3,"sizes":[]},"grid_gaps":{"column":"15","row":"15","isLinked":true,"unit":"px"},"_flex_align_self":"flex-start","content_width":"full","width":{"unit":"px","size":650},"background_color":"#FFFFFF","_flex_size":"none","_element_width":"initial","width_mobile":{"unit":"px","size":500,"sizes":[]},"grid_columns_grid_mobile":{"unit":"fr","size":2,"sizes":[]},"background_hover_background":"classic","background_hover_color":"#FFFFFF","background_overlay_hover_color":"#C52424","css_filters_hover_saturate":{"unit":"px","size":200,"sizes":[]},"css_filters_hover_hue":{"unit":"px","size":316,"sizes":[]}},"elements":[{"id":"31908779","settings":{"image":{"url":"https:\/\/2403.ch\/wp-content\/uploads\/2026\/01\/blackArtboard-7.png","id":456,"size":"","alt":"","source":"library"},"link_to":"custom","link":{"url":"https:\/\/2403.ch\/mgs\/","is_external":"","nofollow":"","custom_attributes":""},"opacity_hover":{"unit":"px","size":1,"sizes":[]},"background_hover_transition":{"unit":"px","size":0,"sizes":[]},"_background_color":"#FFFFFF","_background_hover_color":"#C4EE72","_background_hover_color_stop":{"unit":"%","size":25,"sizes":[]},"_background_hover_color_b":"#FFFFFF00","_background_hover_gradient_position":"bottom right","_background_hover_image":{"url":"","id":"","size":"","alt":"","source":"library"},"_background_hover_transition":{"unit":"px","size":0,"sizes":[]},"__globals__":{"_background_hover_color":""},"css_filters_hover_hue":{"unit":"px","size":278,"sizes":[]},"_mask_shape":"pentagon","_mask_image":{"url":"","id":"","size":"","alt":"","source":"library"},"css_filters_brightness":{"unit":"px","size":60,"sizes":[]},"css_filters_hover_blur":{"unit":"px","size":1.5,"sizes":[]},"css_filters_css_filter":"custom","_background_hover_background":"gradient","_background_hover_color_b_stop":{"unit":"%","size":65,"sizes":[]},"_background_hover_gradient_type":"radial"},"elements":[],"isInner":false,"widgetType":"image","elType":"widget"},{"id":"5babfb6e","settings":{"image":{"url":"https:\/\/2403.ch\/wp-content\/uploads\/2026\/01\/blackArtboard-6.png","id":458,"size":"","alt":"","source":"library"},"css_filters_blur":{"unit":"px","size":10,"sizes":[]},"opacity_hover":{"unit":"px","size":1,"sizes":[]},"css_filters_hover_css_filter":"custom","css_filters_hover_brightness":{"unit":"px","size":200,"sizes":[]},"link_to":"custom","link":{"url":"https:\/\/2403.ch\/atoggo\/","is_external":"","nofollow":"","custom_attributes":""},"_background_hover_background":"gradient","_background_hover_color":"#C4EE72","_background_hover_color_stop":{"unit":"%","size":30,"sizes":[]},"_background_hover_color_b":"#FFF6F800","_background_hover_color_b_stop":{"unit":"%","size":80,"sizes":[]},"_background_hover_gradient_angle":{"unit":"deg","size":360,"sizes":[]},"_background_hover_gradient_position":"bottom center"},"elements":[],"isInner":false,"widgetType":"image","elType":"widget"},{"id":"def019f","settings":{"image":{"url":"https:\/\/2403.ch\/wp-content\/uploads\/2026\/01\/blackArtboard-3.png","id":464,"size":"","alt":"","source":"library"},"link_to":"custom","link":{"url":"https:\/\/2403.ch\/etee\/","is_external":"","nofollow":"","custom_attributes":""},"_background_hover_background":"gradient","_background_hover_color":"#C4EE72","_background_hover_color_stop":{"unit":"%","size":25,"sizes":[]},"_background_hover_color_b":"#F2295B00","_background_hover_color_b_stop":{"unit":"%","size":65,"sizes":[]},"_background_hover_gradient_type":"radial","_background_hover_gradient_position":"bottom left"},"elements":[],"isInner":false,"widgetType":"image","elType":"widget"},{"id":"613fe962","settings":{"image":{"url":"https:\/\/2403.ch\/wp-content\/uploads\/2026\/01\/blackArtboard-2.5.png","id":466,"size":"","alt":"","source":"library"},"link_to":"custom","link":{"url":"https:\/\/2403.ch\/yukon\/","is_external":"","nofollow":"","custom_attributes":""},"_background_hover_background":"gradient","_background_hover_color":"#C4EE72","_background_hover_color_stop":{"unit":"%","size":30,"sizes":[]},"_background_hover_color_b":"#FFFEFF00","_background_hover_color_b_stop":{"unit":"%","size":80,"sizes":[]},"_background_hover_gradient_angle":{"unit":"deg","size":270,"sizes":[]}},"elements":[],"isInner":false,"widgetType":"image","elType":"widget"},{"id":"2c507ff2","settings":{"image":{"url":"https:\/\/2403.ch\/wp-content\/uploads\/2026\/01\/blackArtboard-8.png","id":454,"size":"","alt":"","source":"library"},"link_to":"custom","link":{"url":"https:\/\/2403.ch\/otis\/","is_external":"","nofollow":"","custom_attributes":""},"_background_color":"#C4EE72B8","_background_hover_background":"gradient","_background_hover_color":"#C4EE72","_background_hover_color_stop":{"unit":"%","size":68,"sizes":[]},"_background_hover_color_b":"#FFFFFF00","_background_hover_gradient_type":"radial"},"elements":[],"isInner":false,"widgetType":"image","elType":"widget"},{"id":"4b0e2757","settings":{"image":{"url":"https:\/\/2403.ch\/wp-content\/uploads\/2026\/01\/blackArtboard-5.png","id":460,"size":"","alt":"","source":"library"},"link_to":"custom","link":{"url":"https:\/\/2403.ch\/yung-gaebig\/","is_external":"","nofollow":"","custom_attributes":""},"_background_hover_background":"gradient","_background_hover_color":"#C4EE72","_background_hover_color_stop":{"unit":"%","size":30,"sizes":[]},"_background_hover_color_b":"#FFFFFF00","_background_hover_color_b_stop":{"unit":"%","size":80,"sizes":[]},"_background_hover_gradient_angle":{"unit":"deg","size":90,"sizes":[]}},"elements":[],"isInner":false,"widgetType":"image","elType":"widget"},{"id":"445e7a59","settings":{"image":{"url":"https:\/\/2403.ch\/wp-content\/uploads\/2026\/01\/blackArtboard-4.png","id":462,"size":"","alt":"","source":"library"},"link_to":"custom","link":{"url":"https:\/\/2403.ch\/homeboy-xtra\/","is_external":"","nofollow":"","custom_attributes":""},"_background_hover_background":"gradient","_background_hover_color":"#C4EE72","_background_hover_color_stop":{"unit":"%","size":25,"sizes":[]},"_background_hover_color_b":"#FFFDFE00","_background_hover_color_b_stop":{"unit":"%","size":65,"sizes":[]},"_background_hover_gradient_type":"radial","_background_hover_gradient_position":"top right"},"elements":[],"isInner":false,"widgetType":"image","elType":"widget"},{"id":"74c40142","settings":{"image":{"url":"https:\/\/2403.ch\/wp-content\/uploads\/2026\/01\/blackArtboard-9_1@0.5x.png","id":677,"size":"","alt":"","source":"library"},"opacity":{"unit":"px","size":0,"sizes":[]},"css_filters_css_filter":"custom","css_filters_brightness":{"unit":"px","size":10,"sizes":[]},"_background_hover_background":"gradient","_background_hover_color":"#C4EE72","_background_hover_color_stop":{"unit":"%","size":30,"sizes":[]},"_background_hover_color_b":"#F2295B00","_background_hover_color_b_stop":{"unit":"%","size":80,"sizes":[]}},"elements":[],"isInner":false,"widgetType":"image","elType":"widget"},{"id":"10cf7c4d","settings":{"image":{"url":"https:\/\/2403.ch\/wp-content\/uploads\/2026\/01\/blackArtboard-9_1@0.5x.png","id":677,"size":"","alt":"","source":"library"},"opacity":{"unit":"px","size":0,"sizes":[]},"_background_color":"#C4EE72","_background_color_stop":{"unit":"%","size":25,"sizes":[]},"_background_color_b":"#FFFAFB00","_background_color_b_stop":{"unit":"%","size":65,"sizes":[]},"_background_gradient_type":"radial","_background_gradient_position":"top left","_background_hover_background":"gradient","_background_hover_color":"#C4EE72","_background_hover_color_stop":{"unit":"%","size":25,"sizes":[]},"_background_hover_color_b":"#FFFFFF00","_background_hover_color_b_stop":{"unit":"%","size":65,"sizes":[]},"_background_hover_gradient_type":"radial","_background_hover_gradient_position":"top left"},"elements":[],"isInner":false,"widgetType":"image","elType":"widget"}],"isInner":false,"elType":"container"},{"id":"6cb1de91","settings":[],"elements":[],"isInner":false,"elType":"container"}],"settings":{"template":"default","background_color":"#FFFFFF00","background_color_b":"#FFFFFF","background_image":{"url":"","id":"","size":"large","alt":"","source":"library"},"background_color_stop":{"unit":"%","size":100,"sizes":[]},"background_position":"initial","background_xpos":{"unit":"px","size":241,"sizes":[]},"background_ypos":{"unit":"px","size":116,"sizes":[]},"background_attachment":"fixed","background_repeat":"no-repeat","background_bg_width":{"unit":"px","size":1200,"sizes":[]},"background_image_mobile":{"url":"","id":"","size":"","alt":"","source":"library"},"background_position_mobile":"center center","background_xpos_mobile":{"unit":"px","size":-198,"sizes":[]},"background_ypos_mobile":{"unit":"px","size":116,"sizes":[]},"background_size_mobile":"contain"},"metadata":[]}