{"content":[{"id":"164e4f89","settings":{"flex_direction":"row","content_width":"full","width":{"unit":"px","size":890},"boxed_width":{"unit":"px","size":1438,"sizes":[]},"_flex_size":"none","_element_width":"initial"},"elements":[{"id":"43f5d04f","settings":{"image":{"url":"https:\/\/2403.ch\/wp-content\/uploads\/2026\/01\/v4Artboard-4.png","id":222,"size":"","alt":"","source":"library"},"height":{"unit":"px","size":440,"sizes":[]},"_element_width":"initial","_element_custom_width":{"unit":"%","size":32.282},"_flex_size":"none","_element_width_mobile":"initial","_element_custom_width_mobile":{"unit":"px","size":323.422}},"elements":[],"isInner":false,"widgetType":"image","elType":"widget"},{"id":"1b71dcd8","settings":{"typography_typography":"custom","typography_font_family":"Azeret Mono","typography_font_size":{"unit":"px","size":48,"sizes":[]},"typography_font_weight":"500","text_color":"#000000","_grid_column":"2","editor":"<p>Homeboy xtra macht manchmal Rap und manchmal auch nicht. Melancholisch mit Style und sch\u00f6nster Schweizer Rapper.<\/p>","column_gap":{"unit":"px","size":0,"sizes":[]},"align":"start","typography_text_transform":"uppercase","typography_line_height":{"unit":"px","size":50,"sizes":[]},"typography_letter_spacing":{"unit":"px","size":0,"sizes":[]},"typography_word_spacing":{"unit":"px","size":0,"sizes":[]},"paragraph_spacing":{"unit":"px","size":0,"sizes":[]},"_padding":{"unit":"px","top":"10","right":"10","bottom":"10","left":"10","isLinked":true},"_background_background":"classic","_background_color":"#FFFFFF","typography_font_size_mobile":{"unit":"px","size":30,"sizes":[]},"typography_line_height_mobile":{"unit":"em","size":1.1,"sizes":[]}},"elements":[],"isInner":false,"widgetType":"text-editor","elType":"widget"}],"isInner":false,"elType":"container"},{"id":"6df9fccf","settings":{"container_type":"grid","presetTitle":"Raster","presetIcon":"eicon-container-grid","content_width":"full","width":{"unit":"px","size":890},"_element_width":"initial","min_height":{"unit":"px","size":0,"sizes":[]},"_flex_align_self":"flex-start"},"elements":[{"id":"5200a134","settings":{"shortcode":"[release_cells boxes=\"all\" tag=\"homeboy xtra\" layout=\"grid\"]\n","_css_classes":"mc-release-fill"},"elements":[],"isInner":false,"widgetType":"shortcode","elType":"widget"}],"isInner":false,"elType":"container"},{"id":"1b330559","settings":[],"elements":[{"id":"37be01ea","settings":[],"elements":[],"isInner":false,"widgetType":"spacer","elType":"widget"}],"isInner":false,"elType":"container"},{"id":"2a3ecc5","settings":{"content_width":"full","width":{"unit":"px","size":857},"boxed_width":{"unit":"px","size":890,"sizes":[]},"background_background":"classic","background_color":"#FFFFFF","_flex_size":"none","_element_width":"initial"},"elements":[{"id":"5bf96a60","settings":{"editor":"<p><strong>LINKS:<\/strong><\/p><p><a href=\"https:\/\/open.spotify.com\/artist\/4uGgIDvyPjIdl3v8XxfOQ4?si=zFs_kzaITCqFMA52bP6B7w\">SPOTIFY<\/a>\u00a0<\/p><p><a href=\"https:\/\/www.instagram.com\/tschaener\/\">INSTAGRAM<\/a><\/p><p><a href=\"https:\/\/www.tiktok.com\/@tschaener\">TIKTOK<\/a><\/p><p><a href=\"https:\/\/mx3.ch\/homeboyxtra\">MX3<\/a><\/p>","column_gap":{"unit":"px","size":0,"sizes":[]},"align":"start","typography_typography":"custom","typography_font_family":"Azeret Mono","typography_font_weight":"400"},"elements":[],"isInner":false,"widgetType":"text-editor","elType":"widget"}],"isInner":false,"elType":"container"}],"settings":{"template":"default"},"metadata":[]}