{"content":[{"id":"43719072","settings":{"container_type":"grid","presetTitle":"Raster","presetIcon":"eicon-container-grid","content_width":"full","width":{"unit":"px","size":890},"grid_rows_grid":{"unit":"fr","size":1,"sizes":[]},"_flex_size":"none","_element_width":"initial","grid_justify_items":"stretch"},"elements":[{"id":"28470f27","settings":{"image":{"url":"https:\/\/2403.ch\/wp-content\/uploads\/2026\/01\/blackArtboard-10_1.png","id":678,"size":"","alt":"","source":"library"}},"elements":[],"isInner":false,"widgetType":"image","elType":"widget"},{"id":"672ea46b","settings":{"shortcode":"[concerts type=\"upcoming\" limit=\"50\" layout=\"grid\"]\n\n","_css_classes":"mc-concert-fill"},"elements":[],"isInner":false,"widgetType":"shortcode","elType":"widget"}],"isInner":false,"elType":"container"},{"id":"21ea3150","settings":{"content_width":"full","width":{"unit":"px","size":890},"boxed_width":{"unit":"px","size":890,"sizes":[]},"_flex_size":"none","_element_width":"initial"},"elements":[],"isInner":false,"elType":"container"},{"id":"7ffab248","settings":{"container_type":"grid","presetTitle":"Raster","presetIcon":"eicon-container-grid","content_width":"full","width":{"unit":"px","size":890},"boxed_width":{"unit":"px","size":890,"sizes":[]},"grid_rows_grid":{"unit":"fr","size":1,"sizes":[]},"_flex_size":"none","_element_width":"initial","grid_justify_items":"stretch"},"elements":[{"id":"43bf69b0","settings":{"shortcode":"\n","_css_classes":"mc-concert-fill"},"elements":[],"isInner":false,"widgetType":"shortcode","elType":"widget"},{"id":"3ab61c31","settings":{"image":{"url":"https:\/\/2403.ch\/wp-content\/uploads\/2026\/01\/blackArtboard-9_1.png","id":676,"size":"","alt":"","source":"library"}},"elements":[],"isInner":false,"widgetType":"image","elType":"widget"},{"id":"7c921991","settings":{"shortcode":"[concerts type=\"past\" limit=\"200\" layout=\"grid\"]\n","_css_classes":"mc-concert-fill"},"elements":[],"isInner":false,"widgetType":"shortcode","elType":"widget"}],"isInner":false,"elType":"container"}],"settings":{"template":"default"},"metadata":[]}