{"content":[{"id":"1b396384","settings":{"container_type":"grid","presetTitle":"Raster","presetIcon":"eicon-container-grid","boxed_width":{"unit":"px","size":890,"sizes":[]},"boxed_width_mobile":{"unit":"px","size":500,"sizes":[]},"min_height":{"unit":"px","size":238,"sizes":[]},"grid_justify_items":"stretch","grid_justify_items_mobile":"center","grid_align_items":"start","grid_align_items_mobile":"start","grid_columns_grid":{"unit":"fr","size":2,"sizes":[]},"grid_rows_grid":{"unit":"fr","size":3,"sizes":[]},"css_classes":"mc-home-grid"},"elements":[{"id":"2e50ebe","settings":{"image":{"url":"https:\/\/2403.ch\/wp-content\/uploads\/2026\/01\/v4Artboard-2.png","id":143,"size":"","alt":"","source":"library"},"_grid_column":"1","_grid_row":"3","image_size":"full","image_custom_dimension":{"width":"","height":"-35"},"height":{"unit":"px","size":500,"sizes":[]},"align":"start","width":{"unit":"%","size":100,"sizes":[]},"_flex_align_self":"flex-start"},"elements":[],"isInner":false,"widgetType":"image","elType":"widget"},{"id":"dbb50a9","settings":{"shortcode":"[release_cells count=\"11\"]","_css_classes":"mc-release-fill"},"elements":[],"isInner":false,"widgetType":"shortcode","elType":"widget"}],"isInner":false,"elType":"container"}],"settings":{"template":"default"},"metadata":[]}