{"content":[{"id":"262cd503","settings":{"boxed_width":{"unit":"px","size":890,"sizes":[]},"flex_direction":"row","flex_justify_content":"space-between","flex_justify_content_mobile":"space-evenly","flex_align_items_mobile":"center","_flex_align_self":"center","_flex_align_self_mobile":"center"},"elements":[{"id":"6fdfe958","settings":{"image":{"url":"https:\/\/2403.ch\/wp-content\/uploads\/2026\/01\/blackArtboard-12.png","id":722,"size":"","alt":"","source":"library"},"width":{"unit":"px","size":297,"sizes":[]},"width_tablet":{"unit":"px","size":"","sizes":[]},"width_mobile":{"unit":"px","size":300,"sizes":[]},"_margin":{"unit":"px","top":"0","right":"0","bottom":"0","left":"0","isLinked":true},"_margin_mobile":{"unit":"px","top":"0","right":"0","bottom":"0","left":"0","isLinked":true},"image_size":"1536x1536"},"elements":[],"isInner":false,"widgetType":"image","elType":"widget"},{"id":"22bea88e","settings":{"editor":"<p><strong data-start=\"806\" data-end=\"827\">ANFRAGEN:<\/strong><\/p><p><a class=\"decorated-link cursor-pointer\" rel=\"noopener\" data-start=\"828\" data-end=\"843\">booking@2403.ch<\/a><\/p><p>\u00a0<\/p><p><a href=\"https:\/\/2403.ch\/wp-content\/uploads\/2026\/01\/Pressefotos-2403.zip\"><strong><span style=\"text-decoration: underline;\">PRESSEFOTOS<\/span><\/strong><\/a><\/p>","align":"end","typography_typography":"custom","typography_font_family":"Azeret Mono","typography_font_size":{"unit":"px","size":34,"sizes":[]},"typography_font_weight":"400","_margin":{"unit":"px","top":"-8","right":"-8","bottom":"-8","left":"-8","isLinked":true},"align_mobile":"start","typography_font_size_mobile":{"unit":"px","size":26,"sizes":[]},"paragraph_spacing":{"unit":"px","size":0,"sizes":[]},"_margin_mobile":{"unit":"px","top":"0","right":"0","bottom":"0","left":"0","isLinked":true},"_element_width_mobile":"initial","_element_custom_width_mobile":{"unit":"px","size":890},"_flex_align_self_mobile":"center","_flex_size":"none","_flex_size_mobile":"none"},"elements":[],"isInner":false,"widgetType":"text-editor","elType":"widget"}],"isInner":false,"elType":"container"},{"id":"52dec27","settings":{"boxed_width":{"unit":"px","size":890,"sizes":[]},"boxed_width_mobile":{"unit":"px","size":801,"sizes":[]}},"elements":[{"id":"5fba57aa","settings":{"editor":"<p><strong>2403<\/strong> ist ein Berner Rap-Kollektiv bestehend aus sechs unabh\u00e4ngigen Artists: Atoggo, Yukon und Etee (MGS) sowie OTIS, homeboy xtra und Yung Gaebig. Seit rund f\u00fcnf Jahren ver\u00f6ffentlichen sie gemeinsam Musik zwischen Rap, Pop und alternativen Einfl\u00fcssen \u2013 gepr\u00e4gt vom Alltag in Bern: Partys, Liebe, Konsum, Politik und Freundschaft.<\/p><p>MGS stehen f\u00fcr catchy Melodien und poppigen Sound; ihre Deb\u00fct-EP <strong>\u201eChlini Welt\u201c<\/strong> erschien im Sommer 2025. OTIS ver\u00f6ffentlichte 2025 gemeinsam mit homeboy xtra das Konzept-Mixtape <strong>\u201eBreakupseason\u201c<\/strong>, irgendwo zwischen Rock, Pop und Rap. Yung Gaebig ist u.a. durch die EP\u00a0<strong>\u201eunsportlech, romantisch\u201c<\/strong>\u00a0mit yungglas bekannt und liefert regelm\u00e4ssig pr\u00e4gende Feature-Parts im Kollektiv.<\/p><p>Live spielte 2403 bereits mehrere gutbesuchte Shows, u.a. in der Cafete (2\u00d7), im Provitreff Z\u00fcrich, bei der \u201eBreakupseason\u201c-Plattentaufe am Riva am Egelsee sowie ein Doppelkonzert mit Brokeboys auf der Sch\u00fctz Sommer B\u00fchne.<\/p>","align":"start","typography_typography":"custom","typography_font_family":"Azeret Mono","typography_font_size":{"unit":"px","size":22,"sizes":[]},"typography_font_weight":"400"},"elements":[],"isInner":false,"widgetType":"text-editor","elType":"widget"}],"isInner":false,"elType":"container"}],"settings":{"template":"default"},"metadata":[]}