[{"term_id":14,"name":"Atoggo","slug":"atoggo","taxonomy":"post_tag","description":"","parent":0},{"term_id":15,"name":"Etee","slug":"etee","taxonomy":"post_tag","description":"","parent":0},{"term_id":19,"name":"HOMEBOY XTRA","slug":"homeboy-xtra","taxonomy":"post_tag","description":"","parent":0},{"term_id":13,"name":"MGS","slug":"mgs","taxonomy":"post_tag","description":"","parent":0},{"term_id":16,"name":"OTIS","slug":"otis","taxonomy":"post_tag","description":"","parent":0},{"term_id":18,"name":"YUKON","slug":"yukon","taxonomy":"post_tag","description":"","parent":0},{"term_id":17,"name":"YUNG GAEBIG","slug":"yung-gaebig","taxonomy":"post_tag","description":"","parent":0}]