{"content":[],"settings":{"template":"default","system_colors":[{"_id":"primary","title":"Prim\u00e4r","color":"#FFFFFF"},{"_id":"secondary","title":"Sekund\u00e4re","color":"#2A30B2"},{"_id":"text","title":"Text","color":"#0C0B05"},{"_id":"accent","title":"Accent","color":"#152F12"}],"custom_colors":[],"system_typography":[{"_id":"primary","title":"Prim\u00e4r","typography_typography":"custom","typography_font_family":"Abel","typography_font_weight":"600","typography_font_size":{"unit":"px","size":42,"sizes":[]},"typography_line_height":{"unit":"px","size":1,"sizes":[]},"typography_text_transform":"uppercase"},{"_id":"secondary","title":"Sekund\u00e4re","typography_typography":"custom","typography_font_family":"Noto Serif Display","typography_font_weight":"400"},{"_id":"text","title":"Text","typography_typography":"custom","typography_font_family":"Cormorant Garamond","typography_font_weight":"400"},{"_id":"accent","title":"Accent","typography_typography":"custom","typography_font_family":"Helvetica","typography_font_weight":"500"}],"custom_typography":[],"default_generic_fonts":"Sans-serif","page_title_selector":"h1.entry-title","activeItemIndex":1,"viewport_md":768,"viewport_lg":1025,"body_background_background":"classic","body_background_image":{"url":"https:\/\/2403.ch\/wp-content\/uploads\/2026\/01\/BACKGROUND-2.png","id":185,"size":"","alt":"","source":"library"},"body_background_attachment":"fixed","body_background_image_mobile":{"url":"https:\/\/moccasin-giraffe-539624.hostingersite.com\/wp-content\/uploads\/2026\/01\/53c8d336-30a8-4940-bb31-e1bbc8f770de.jpeg","id":93,"size":"","alt":"","source":"library"},"body_background_position_mobile":"initial","body_background_ypos_mobile":{"unit":"px","size":99,"sizes":[]},"container_width":{"unit":"px","size":1500,"sizes":[]},"body_background_position":"initial","body_background_xpos":{"unit":"px","size":224,"sizes":[]},"body_background_ypos":{"unit":"px","size":-105,"sizes":[]}},"metadata":[],"theme":{"name":"Very Simple Portfolio","theme_uri":"https:\/\/minimalio.org","version":"1.0.2","slug":"very-simple-portfolio"},"experiments":{"e_font_icon_svg":{"name":"e_font_icon_svg","title":"Inline-Schriftarten-Symbole","state":"default","default":"active","release_status":"stable"},"additional_custom_breakpoints":{"name":"additional_custom_breakpoints","title":"Zus\u00e4tzliche individuelle Breakpoints","state":"default","default":"active","release_status":"stable"},"container":{"name":"container","title":"Container","state":"default","default":"active","release_status":"stable"},"e_optimized_markup":{"name":"e_optimized_markup","title":"Optimized Markup","state":"default","default":"active","release_status":"stable"},"e_pro_free_trial_popup":{"name":"e_pro_free_trial_popup","title":"Pro Free Trial Popup","state":"default","default":"active","release_status":"alpha"},"nested-elements":{"name":"nested-elements","title":"Verschachtelte Elemente","state":"default","default":"active","release_status":"stable"},"pages_panel":{"name":"pages_panel","title":"Seiten Panel","state":"default","default":"inactive","release_status":"alpha"},"home_screen":{"name":"home_screen","title":"Elementor Home Screen","state":"default","default":"active","release_status":"stable"},"e_atomic_elements":{"name":"e_atomic_elements","title":"Haupt-Widgets","state":"default","default":"inactive","release_status":"alpha"},"e_classes":{"name":"e_classes","title":"Globale Klassen","state":"default","default":"inactive","release_status":"alpha"},"global_classes_should_enforce_capabilities":{"name":"global_classes_should_enforce_capabilities","title":"Erzwinge globale Klassen-Berechtigungen","state":"default","default":"active","release_status":"dev"},"e_variables":{"name":"e_variables","title":"Variablen","state":"default","default":"active","release_status":"alpha"},"cloud-library":{"name":"cloud-library","title":"Cloud-Sammlung","state":"active","default":"active","release_status":"stable"},"e_opt_in_v4_page":{"name":"e_opt_in_v4_page","title":"Editor V4 (Opt-in-Seite)","state":"default","default":"active","release_status":"alpha"},"e_opt_in_v4":{"name":"e_opt_in_v4","title":"Editor V4","state":"default","default":"inactive","release_status":"alpha"},"e_components":{"name":"e_components","title":"Components","state":"default","default":"inactive","release_status":"dev"},"e_interactions":{"name":"e_interactions","title":"Interaktionen","state":"default","default":"active","release_status":"dev"},"e_editor_one":{"name":"e_editor_one","title":"Editor one","state":"default","default":"inactive","release_status":"dev"},"import-export-customization":{"name":"import-export-customization","title":"Import-\/Export-Anpassung","state":"default","default":"active","release_status":"beta"},"editor_events":{"name":"editor_events","title":"Elementor-Editor-Ereignisse","state":"default","default":"active","release_status":"alpha"}}}